name,date,type,duration,caloriesBurned,targetPace,gymType,isCompleted,actualDuration,rpe,notes,totalWeightLifted,distance
Push,2026-10-05,gym,40,,,Push,0,,,"Push — bench/incline press, overhead press, lateral raises, triceps. Returning from illness: ~60% of normal sets, easy weights. Skip if still feverish.",,
Easy 5k,2026-10-05,running,30,,Easy 5:45–6:15/km,,0,,,"Easy aerobic, conversational. If unsure, go slower. Back from illness: only run if you have no fever and nothing below the neck. Otherwise walk.",,5
Easy 6k + strides,2026-10-06,running,36,,Easy 5:45–6:15/km,,0,,,"Easy aerobic, conversational. If unsure, go slower. Finish with 6×20 s strides (fast but relaxed, full walk-back recovery).",,6
Legs,2026-10-07,gym,40,,,Legs,0,,,"Legs — squat 3×5, RDL 2×6, calves, core at moderate weight. Nothing heavy.",,
Pull,2026-10-08,gym,40,,,Pull,0,,,"Pull — rows, lat pulldown/chins, rear delts, biceps, face pulls. Returning from illness: ~60% of normal sets, easy weights. Skip if still feverish.",,
Easy 7k + strides,2026-10-08,running,42,,Easy 5:45–6:15/km,,0,,,"Easy aerobic, conversational. If unsure, go slower. Finish with 6×20 s strides (fast but relaxed, full walk-back recovery).",,7
Rest,2026-10-09,rest,0,,,,0,,,"Full rest. Sleep, eat, maybe 10–15 min mobility.",,
Long run 10k,2026-10-10,running,60,,Easy 5:45–6:15/km,,0,,,"Long run: builds the aerobic engine that everything else sits on. Easy, conversational pace.",,10
Easy 6k + hill sprints,2026-10-11,running,44,,Easy 5:45–6:15/km,,0,,,"Easy run, then 6–8 × 10 s all-out uphill sprints on a steep hill, walking back down to fully recover. Builds power and running economy with almost no fatigue.",,6
Push,2026-10-12,gym,55,,,Push,0,,,"Push — bench/incline press, overhead press, lateral raises, triceps. 8–12 hard sets, 1–2 reps in reserve.",,
Easy 6k + strides,2026-10-12,running,36,,Easy 5:45–6:15/km,,0,,,"Easy aerobic, conversational. If unsure, go slower. Finish with 6×20 s strides (fast but relaxed, full walk-back recovery).",,6
VO2 5×1000m,2026-10-13,running,55,,Intervals 4:15–4:25/km,,0,,,"VO2 / 5k-specific: hard but smooth, with even splits. The last rep should be the fastest and still in control. Warm up 15 min easy + 4 strides; cool down 10 min easy. Main set: 5×1000 m at 4:15–4:25/km with a 2:30 easy jog between reps.",,10
Legs,2026-10-14,gym,55,,,Legs,0,,,"Legs — heavy & low volume: squat 4×5, RDL 3×6, split squat 3×8/leg, calves, core. Keep 2 reps in reserve, no failure — Thursday's run matters more. 8–12 hard sets, 1–2 reps in reserve.",,
Pull,2026-10-15,gym,55,,,Pull,0,,,"Pull — rows, lat pulldown/chins, rear delts, biceps, face pulls. 8–12 hard sets, 1–2 reps in reserve.",,
Sub-T 6×5 min,2026-10-15,running,60,,Threshold 4:55–5:05/km,,0,,,"Sub-threshold (Norwegian style): just below threshold, around 10 s/km slower than tempo. You should finish feeling like you could do 1–2 more reps. That's the point, because it builds lots of fitness and you recover fast. Warm up 15 min easy + 4 strides; cool down 10 min easy. Main set: 6×5 min at 4:55–5:05/km with 1 min easy jog between reps.",,10
Rest,2026-10-16,rest,0,,,,0,,,"Full rest. Sleep, eat, maybe 10–15 min mobility.",,
Long run 13k,2026-10-17,running,78,,Easy 5:45–6:15/km,,0,,,"Long run: builds the aerobic engine that everything else sits on. Easy, conversational pace.",,13
Easy 6k + hill sprints,2026-10-18,running,44,,Easy 5:45–6:15/km,,0,,,"Easy run, then 6–8 × 10 s all-out uphill sprints on a steep hill, walking back down to fully recover. Builds power and running economy with almost no fatigue.",,6
Push,2026-10-19,gym,55,,,Push,0,,,"Push — bench/incline press, overhead press, lateral raises, triceps. 8–12 hard sets, 1–2 reps in reserve.",,
Easy 7k + strides,2026-10-19,running,42,,Easy 5:45–6:15/km,,0,,,"Easy aerobic, conversational. If unsure, go slower. Finish with 6×20 s strides (fast but relaxed, full walk-back recovery).",,7
VO2 2×(10×30/30),2026-10-20,running,50,,Intervals 4:15–4:25/km,,0,,,"VO2 / 5k-specific: hard but smooth, with even splits. The last rep should be the fastest and still in control. Warm up 15 min easy + 4 strides; cool down 10 min easy. Main set: 2 sets of 10 × (30 s hard at ~4:05/km / 30 s easy float), with 3 min easy between sets. Short reps pile up a lot of VO2 time.",,9
Legs,2026-10-21,gym,55,,,Legs,0,,,"Legs — heavy & low volume: squat 4×5, RDL 3×6, split squat 3×8/leg, calves, core. Keep 2 reps in reserve, no failure — Thursday's run matters more. 8–12 hard sets, 1–2 reps in reserve.",,
Pull,2026-10-22,gym,55,,,Pull,0,,,"Pull — rows, lat pulldown/chins, rear delts, biceps, face pulls. 8–12 hard sets, 1–2 reps in reserve.",,
Sub-T 8×1000m,2026-10-22,running,65,,Threshold 4:55–5:05/km,,0,,,"Sub-threshold (Norwegian style): just below threshold, around 10 s/km slower than tempo. You should finish feeling like you could do 1–2 more reps. That's the point, because it builds lots of fitness and you recover fast. Warm up 15 min easy + 4 strides; cool down 10 min easy. Main set: 8×1000 m at 4:55–5:05/km with 60 s easy jog between reps.",,12
Rest,2026-10-23,rest,0,,,,0,,,"Full rest. Sleep, eat, maybe 10–15 min mobility.",,
Long run 15k (3k strong finish),2026-10-24,running,90,,Easy 5:45–6:15/km,,0,,,"Long run: builds the aerobic engine that everything else sits on. Easy, conversational pace. Run the last 3 km at sub-threshold (4:55–5:05/km): strong but controlled, not racing.",,15
Easy 6k + hill sprints,2026-10-25,running,44,,Easy 5:45–6:15/km,,0,,,"Easy run, then 6–8 × 10 s all-out uphill sprints on a steep hill, walking back down to fully recover. Builds power and running economy with almost no fatigue.",,6
Push,2026-10-26,gym,55,,,Push,0,,,"Push — bench/incline press, overhead press, lateral raises, triceps. 8–12 hard sets, 1–2 reps in reserve.",,
Easy 7k + strides,2026-10-26,running,42,,Easy 5:45–6:15/km,,0,,,"Easy aerobic, conversational. If unsure, go slower. Finish with 6×20 s strides (fast but relaxed, full walk-back recovery).",,7
VO2 6×800m,2026-10-27,running,55,,Intervals 4:10–4:15/km,,0,,,"VO2 / 5k-specific: hard but smooth, with even splits. The last rep should be the fastest and still in control. Warm up 15 min easy + 4 strides; cool down 10 min easy. Main set: 6×800 m at 4:10–4:15/km with 2:00 easy jog between reps.",,10
Legs,2026-10-28,gym,55,,,Legs,0,,,"Legs — heavy & low volume: squat 4×5, RDL 3×6, split squat 3×8/leg, calves, core. Keep 2 reps in reserve, no failure — Thursday's run matters more. 8–12 hard sets, 1–2 reps in reserve.",,
Pull,2026-10-29,gym,55,,,Pull,0,,,"Pull — rows, lat pulldown/chins, rear delts, biceps, face pulls. 8–12 hard sets, 1–2 reps in reserve.",,
Sub-T 10×3 min,2026-10-29,running,62,,Threshold 4:50–5:00/km,,0,,,"Sub-threshold (Norwegian style): just below threshold, around 10 s/km slower than tempo. You should finish feeling like you could do 1–2 more reps. That's the point, because it builds lots of fitness and you recover fast. Warm up 15 min easy + 4 strides; cool down 10 min easy. Main set: 10×3 min at 4:50–5:00/km with 1 min easy jog between reps.",,11
Rest,2026-10-30,rest,0,,,,0,,,"Full rest. Sleep, eat, maybe 10–15 min mobility.",,
Long run 16k,2026-10-31,running,96,,Easy 5:45–6:15/km,,0,,,"Long run: builds the aerobic engine that everything else sits on. Easy, conversational pace.",,16
Easy 6k + hill sprints,2026-11-01,running,44,,Easy 5:45–6:15/km,,0,,,"Easy run, then 6–8 × 10 s all-out uphill sprints on a steep hill, walking back down to fully recover. Builds power and running economy with almost no fatigue.",,6
Push,2026-11-02,gym,40,,,Push,0,,,"Push — bench/incline press, overhead press, lateral raises, triceps. LIGHT week: ~60% of normal sets, same weights, nothing to failure.",,
Easy 6k + strides,2026-11-02,running,36,,Easy 5:45–6:15/km,,0,,,"Easy aerobic, conversational. If unsure, go slower. Finish with 6×20 s strides (fast but relaxed, full walk-back recovery).",,6
Sharpener 5×400m,2026-11-03,running,40,,Goal 5k 3:55–4:00/km,,0,,,"VO2 / 5k-specific: hard but smooth, with even splits. The last rep should be the fastest and still in control. Warm up 15 min easy + 4 strides; cool down 10 min easy. Main set: 5×400 m at 3:55–4:00/km with 90 s easy jog between reps. Light, to keep the legs sharp for Saturday.",,7
Legs,2026-11-04,gym,40,,,Legs,0,,,"Legs — squat 3×5, RDL 2×6, calves, core at moderate weight. Nothing heavy.",,
Pull,2026-11-05,gym,40,,,Pull,0,,,"Pull — rows, lat pulldown/chins, rear delts, biceps, face pulls. LIGHT week: ~60% of normal sets, same weights, nothing to failure.",,
Easy 5k + strides,2026-11-05,running,30,,Easy 5:45–6:15/km,,0,,,"Easy aerobic, conversational. If unsure, go slower. Finish with 6×20 s strides (fast but relaxed, full walk-back recovery). Keep it short. The time trial is on Saturday.",,5
Rest,2026-11-06,rest,0,,,,0,,,"Full rest before the time trial. Hydrate, normal dinner.",,
🏁 5k TIME TRIAL,2026-11-07,running,50,,Goal 5k 3:55–4:00/km,,0,,,"Benchmark 5k, flat route, parkrun, or track. Warm up 15 min easy + 4 strides. Start at ~4:10/km for the first km, then hold or push. Finish at your limit. Cool down 10 min. Log the time: it resets your VDOT and every pace in the app. Anything under ~21:00 means sub-20 by December is on track.",,10
Recovery 7k,2026-11-08,running,45,,Recovery 6:15–6:45/km,,0,,,Deliberately slow to flush the legs after the time trial.,,7
Push,2026-11-09,gym,55,,,Push,0,,,"Push — bench/incline press, overhead press, lateral raises, triceps. 8–12 hard sets, 1–2 reps in reserve.",,
Easy 7k + strides,2026-11-09,running,42,,Easy 5:45–6:15/km,,0,,,"Easy aerobic, conversational. If unsure, go slower. Finish with 6×20 s strides (fast but relaxed, full walk-back recovery).",,7
VO2 4×1200m,2026-11-10,running,55,,Intervals 4:05–4:12/km,,0,,,"VO2 / 5k-specific: hard but smooth, with even splits. The last rep should be the fastest and still in control. Warm up 15 min easy + 4 strides; cool down 10 min easy. Main set: 4×1200 m at 4:05–4:12/km with 2:30 easy jog between reps.",,10
Legs,2026-11-11,gym,55,,,Legs,0,,,"Legs — heavy & low volume: squat 4×5, RDL 3×6, split squat 3×8/leg, calves, core. Keep 2 reps in reserve, no failure — Thursday's run matters more. 8–12 hard sets, 1–2 reps in reserve.",,
Recovery 5k (optional),2026-11-11,running,32,,Recovery 6:15–6:45/km,,0,,,"Optional. Very easy, only if the legs feel good.",,5
Pull,2026-11-12,gym,55,,,Pull,0,,,"Pull — rows, lat pulldown/chins, rear delts, biceps, face pulls. 8–12 hard sets, 1–2 reps in reserve.",,
Sub-T 3×10 min,2026-11-12,running,65,,Threshold 4:50–5:00/km,,0,,,"Sub-threshold (Norwegian style): just below threshold, around 10 s/km slower than tempo. You should finish feeling like you could do 1–2 more reps. That's the point, because it builds lots of fitness and you recover fast. Warm up 15 min easy + 4 strides; cool down 10 min easy. Main set: 3×10 min at 4:50–5:00/km with 90 s easy jog between reps.",,12
Rest,2026-11-13,rest,0,,,,0,,,"Full rest. Sleep, eat, maybe 10–15 min mobility.",,
Long run 16k (3k strong finish),2026-11-14,running,96,,Easy 5:45–6:15/km,,0,,,"Long run: builds the aerobic engine that everything else sits on. Easy, conversational pace. Run the last 3 km at sub-threshold (4:55–5:05/km): strong but controlled, not racing.",,16
Easy 7k + hill sprints,2026-11-15,running,50,,Easy 5:45–6:15/km,,0,,,"Easy run, then 6–8 × 10 s all-out uphill sprints on a steep hill, walking back down to fully recover. Builds power and running economy with almost no fatigue.",,7
Push,2026-11-16,gym,55,,,Push,0,,,"Push — bench/incline press, overhead press, lateral raises, triceps. 8–12 hard sets, 1–2 reps in reserve.",,
Easy 7k + strides,2026-11-16,running,42,,Easy 5:45–6:15/km,,0,,,"Easy aerobic, conversational. If unsure, go slower. Finish with 6×20 s strides (fast but relaxed, full walk-back recovery).",,7
Goal pace 12×400m,2026-11-17,running,55,,Goal 5k 3:55–4:00/km,,0,,,"VO2 / 5k-specific: hard but smooth, with even splits. The last rep should be the fastest and still in control. Warm up 15 min easy + 4 strides; cool down 10 min easy. Main set: 12×400 m at 3:55–4:00/km (sub-20 pace) with 60 s standing/walking rest between reps. Memorise the rhythm.",,10
Legs,2026-11-18,gym,55,,,Legs,0,,,"Legs — heavy & low volume: squat 4×5, RDL 3×6, split squat 3×8/leg, calves, core. Keep 2 reps in reserve, no failure — Thursday's run matters more. 8–12 hard sets, 1–2 reps in reserve.",,
Recovery 5k (optional),2026-11-18,running,32,,Recovery 6:15–6:45/km,,0,,,"Optional. Very easy, only if the legs feel good.",,5
Pull,2026-11-19,gym,55,,,Pull,0,,,"Pull — rows, lat pulldown/chins, rear delts, biceps, face pulls. 8–12 hard sets, 1–2 reps in reserve.",,
Sub-T 5×2km,2026-11-19,running,75,,Threshold 4:50–5:00/km,,0,,,"Sub-threshold (Norwegian style): just below threshold, around 10 s/km slower than tempo. You should finish feeling like you could do 1–2 more reps. That's the point, because it builds lots of fitness and you recover fast. Warm up 15 min easy + 4 strides; cool down 10 min easy. Main set: 5×2 km at 4:50–5:00/km with 60 s easy jog between reps.",,14
Rest,2026-11-20,rest,0,,,,0,,,"Full rest. Sleep, eat, maybe 10–15 min mobility.",,
Long run 17k,2026-11-21,running,102,,Easy 5:45–6:15/km,,0,,,"Long run: builds the aerobic engine that everything else sits on. Easy, conversational pace.",,17
Easy 7k + hill sprints,2026-11-22,running,50,,Easy 5:45–6:15/km,,0,,,"Easy run, then 6–8 × 10 s all-out uphill sprints on a steep hill, walking back down to fully recover. Builds power and running economy with almost no fatigue.",,7
Push,2026-11-23,gym,55,,,Push,0,,,"Push — bench/incline press, overhead press, lateral raises, triceps. 8–12 hard sets, 1–2 reps in reserve.",,
Easy 7k + strides,2026-11-23,running,42,,Easy 5:45–6:15/km,,0,,,"Easy aerobic, conversational. If unsure, go slower. Finish with 6×20 s strides (fast but relaxed, full walk-back recovery).",,7
VO2 3×1600m,2026-11-24,running,60,,Intervals 4:02–4:08/km,,0,,,"VO2 / 5k-specific: hard but smooth, with even splits. The last rep should be the fastest and still in control. Warm up 15 min easy + 4 strides; cool down 10 min easy. Main set: 3×1600 m at 4:02–4:08/km with 2:30 easy jog between reps. The hardest session of the block.",,11
Legs,2026-11-25,gym,55,,,Legs,0,,,"Legs — heavy & low volume: squat 4×5, RDL 3×6, split squat 3×8/leg, calves, core. Keep 2 reps in reserve, no failure — Thursday's run matters more. 8–12 hard sets, 1–2 reps in reserve.",,
Recovery 5k (optional),2026-11-25,running,32,,Recovery 6:15–6:45/km,,0,,,"Optional. Very easy, only if the legs feel good.",,5
Pull,2026-11-26,gym,55,,,Pull,0,,,"Pull — rows, lat pulldown/chins, rear delts, biceps, face pulls. 8–12 hard sets, 1–2 reps in reserve.",,
Sub-T 10×3 min,2026-11-26,running,62,,Threshold 4:45–4:55/km,,0,,,"Sub-threshold (Norwegian style): just below threshold, around 10 s/km slower than tempo. You should finish feeling like you could do 1–2 more reps. That's the point, because it builds lots of fitness and you recover fast. Warm up 15 min easy + 4 strides; cool down 10 min easy. Main set: 10×3 min at 4:45–4:55/km with 1 min easy jog between reps.",,11
Rest,2026-11-27,rest,0,,,,0,,,"Full rest. Sleep, eat, maybe 10–15 min mobility.",,
Long run 18k (4k strong finish),2026-11-28,running,108,,Easy 5:45–6:15/km,,0,,,"Long run: builds the aerobic engine that everything else sits on. Easy, conversational pace. Run the last 4 km at sub-threshold (4:55–5:05/km): strong but controlled, not racing.",,18
Easy 7k + hill sprints,2026-11-29,running,50,,Easy 5:45–6:15/km,,0,,,"Easy run, then 6–8 × 10 s all-out uphill sprints on a steep hill, walking back down to fully recover. Builds power and running economy with almost no fatigue.",,7
Push,2026-11-30,gym,40,,,Push,0,,,"Push — bench/incline press, overhead press, lateral raises, triceps. LIGHT week: ~60% of normal sets, same weights, nothing to failure.",,
Easy 7k + strides,2026-11-30,running,42,,Easy 5:45–6:15/km,,0,,,"Easy aerobic, conversational. If unsure, go slower. Finish with 6×20 s strides (fast but relaxed, full walk-back recovery).",,7
2×2km + 4×400m,2026-12-01,running,60,,Goal 5k 3:55–4:00/km,,0,,,"VO2 / 5k-specific: hard but smooth, with even splits. The last rep should be the fastest and still in control. Warm up 15 min easy + 4 strides; cool down 10 min easy. Main set: 2×2 km at 4:00–4:05/km with 3 min jog, then 4 min easy, then 4×400 m at 3:50–3:55/km with 90 s jog. Race simulation.",,11
Legs,2026-12-02,gym,40,,,Legs,0,,,"Legs — squat 3×5, RDL 2×6, calves, core at moderate weight. Nothing heavy.",,
Pull,2026-12-03,gym,40,,,Pull,0,,,"Pull — rows, lat pulldown/chins, rear delts, biceps, face pulls. LIGHT week: ~60% of normal sets, same weights, nothing to failure.",,
Sub-T 5×5 min,2026-12-03,running,55,,Threshold 4:50–5:00/km,,0,,,"Sub-threshold (Norwegian style): just below threshold, around 10 s/km slower than tempo. You should finish feeling like you could do 1–2 more reps. That's the point, because it builds lots of fitness and you recover fast. Warm up 15 min easy + 4 strides; cool down 10 min easy. Main set: 5×5 min at 4:50–5:00/km with 1 min easy jog between reps.",,10
Rest,2026-12-04,rest,0,,,,0,,,"Full rest. Sleep, eat, maybe 10–15 min mobility.",,
Long run 14k,2026-12-05,running,84,,Easy 5:45–6:15/km,,0,,,"Long run: builds the aerobic engine that everything else sits on. Easy, conversational pace.",,14
Easy 6k + hill sprints,2026-12-06,running,44,,Easy 5:45–6:15/km,,0,,,"Easy run, then 6–8 × 10 s all-out uphill sprints on a steep hill, walking back down to fully recover. Builds power and running economy with almost no fatigue.",,6
Push,2026-12-07,gym,40,,,Push,0,,,"Push — bench/incline press, overhead press, lateral raises, triceps. TAPER: 2 sets per exercise, moderate weight, zero soreness allowed.",,
Easy 6k + strides,2026-12-07,running,36,,Easy 5:45–6:15/km,,0,,,"Easy aerobic, conversational. If unsure, go slower. Finish with 6×20 s strides (fast but relaxed, full walk-back recovery).",,6
Primer 3×1000m + 4×200m,2026-12-08,running,45,,Goal 5k 3:55–4:00/km,,0,,,"VO2 / 5k-specific: hard but smooth, with even splits. The last rep should be the fastest and still in control. Warm up 15 min easy + 4 strides; cool down 10 min easy. Main set: 3×1000 m at 3:58/km with 2:30 jog, then 4×200 m fast and relaxed with 200 m jog. Sharp, not tiring.",,8
Legs,2026-12-09,gym,40,,,Legs,0,,,"Legs — activation only: goblet squat 2×8, glute bridge, calves, core. No soreness this week.",,
Pull,2026-12-10,gym,40,,,Pull,0,,,"Pull — rows, lat pulldown/chins, rear delts, biceps, face pulls. TAPER: 2 sets per exercise, moderate weight, zero soreness allowed.",,
Easy 5k + strides,2026-12-10,running,30,,Easy 5:45–6:15/km,,0,,,"Easy aerobic, conversational. If unsure, go slower. Finish with 6×20 s strides (fast but relaxed, full walk-back recovery). Short and loose. Legs should feel springy by Saturday.",,5
Rest,2026-12-11,rest,0,,,,0,,,"Full rest. Carbs at dinner, lay out your kit, check the weather and route (ice?). Early night.",,
🏁 5k — SUB-20 ATTEMPT,2026-12-12,running,50,,Goal 5k 3:59/km,,0,,,"Race day! Pick a flat, ice-free course: parkrun, a track, or an indoor hall if it's icy. Warm up 15 min + 4 strides. Km 1 at 4:00 (don't bank time), km 2–3 locked at 3:58–4:00, and from 3.5 km empty the tank. Goal: 19:5x. Cool down 10 min.",,10
Recovery 5k,2026-12-13,running,32,,Recovery 6:15–6:45/km,,0,,,"Very slow shake-out, or rest. Celebrate. 🎉",,5
Push,2026-12-14,gym,55,,,Push,0,,,"Push — bench/incline press, overhead press, lateral raises, triceps. 8–12 hard sets, 1–2 reps in reserve.",,
Recovery 5k,2026-12-14,running,32,,Recovery 6:15–6:45/km,,0,,,Easy recovery after race week.,,5
Easy 7k + strides,2026-12-15,running,42,,Easy 5:45–6:15/km,,0,,,"Easy aerobic, conversational. If unsure, go slower. Finish with 6×20 s strides (fast but relaxed, full walk-back recovery).",,7
Legs,2026-12-16,gym,55,,,Legs,0,,,"Legs — heavy & low volume: squat 4×5, RDL 3×6, split squat 3×8/leg, calves, core. Keep 2 reps in reserve, no failure — Thursday's run matters more. 8–12 hard sets, 1–2 reps in reserve.",,
Pull,2026-12-17,gym,55,,,Pull,0,,,"Pull — rows, lat pulldown/chins, rear delts, biceps, face pulls. 8–12 hard sets, 1–2 reps in reserve.",,
Easy 7k + 4×1 min @ goal,2026-12-17,running,45,,Easy 5:45–6:15/km,,0,,,Easy run with 4×1 min at 3:55–4:00/km and 2 min easy between. Keeps the legs sharp in case you do the backup attempt Saturday.,,7
Rest,2026-12-18,rest,0,,,,0,,,"Full rest. Sleep, eat, maybe 10–15 min mobility.",,
Backup 5k attempt OR Long run 14k,2026-12-19,running,60,,Easy 5:45–6:15/km,,0,,,"Didn't break 20:00 last Saturday, or conditions were bad? Race 5k again (same warm-up/pacing plan, goal pace 3:59/km). Already did it? Run 14 km easy instead: this is the start of the half-marathon build.",,12
Easy 6k + hill sprints,2026-12-20,running,44,,Easy 5:45–6:15/km,,0,,,"Easy run, then 6–8 × 10 s all-out uphill sprints on a steep hill, walking back down to fully recover. Builds power and running economy with almost no fatigue.",,6
Push,2026-12-21,gym,55,,,Push,0,,,"Push — bench/incline press, overhead press, lateral raises, triceps. 8–12 hard sets, 1–2 reps in reserve.",,
Easy 7k + strides,2026-12-21,running,42,,Easy 5:45–6:15/km,,0,,,"Easy aerobic, conversational. If unsure, go slower. Finish with 6×20 s strides (fast but relaxed, full walk-back recovery).",,7
Pull,2026-12-22,gym,55,,,Pull,0,,,"Pull — rows, lat pulldown/chins, rear delts, biceps, face pulls. 8–12 hard sets, 1–2 reps in reserve.",,
Sub-T 6×5 min,2026-12-22,running,60,,Threshold 4:50–5:00/km,,0,,,"Sub-threshold (Norwegian style): just below threshold, around 10 s/km slower than tempo. You should finish feeling like you could do 1–2 more reps. That's the point, because it builds lots of fitness and you recover fast. Warm up 15 min easy + 4 strides; cool down 10 min easy. Main set: 6×5 min at 4:50–5:00/km with 1 min easy jog between reps. (Pull moved to Tuesday because of Christmas.)",,10
Legs,2026-12-23,gym,55,,,Legs,0,,,"Legs — heavy & low volume: squat 4×5, RDL 3×6, split squat 3×8/leg, calves, core. Keep 2 reps in reserve, no failure — Thursday's run matters more. 8–12 hard sets, 1–2 reps in reserve.",,
Easy 8k,2026-12-24,running,48,,Easy 5:45–6:15/km,,0,,,"Easy aerobic, conversational. If unsure, go slower. Julafton: morning run before the festivities.",,8
Rest,2026-12-25,rest,0,,,,0,,,Juldagen: rest.,,
Long run 16k,2026-12-26,running,96,,Easy 5:45–6:15/km,,0,,,"Long run: builds the aerobic engine that everything else sits on. Easy, conversational pace.",,16
Easy 7k + hill sprints,2026-12-27,running,50,,Easy 5:45–6:15/km,,0,,,"Easy run, then 6–8 × 10 s all-out uphill sprints on a steep hill, walking back down to fully recover. Builds power and running economy with almost no fatigue.",,7
Push,2026-12-28,gym,55,,,Push,0,,,"Push — bench/incline press, overhead press, lateral raises, triceps. 8–12 hard sets, 1–2 reps in reserve.",,
Easy 7k + strides,2026-12-28,running,42,,Easy 5:45–6:15/km,,0,,,"Easy aerobic, conversational. If unsure, go slower. Finish with 6×20 s strides (fast but relaxed, full walk-back recovery).",,7
Pull,2026-12-29,gym,55,,,Pull,0,,,"Pull — rows, lat pulldown/chins, rear delts, biceps, face pulls. 8–12 hard sets, 1–2 reps in reserve.",,
VO2 5×1000m,2026-12-29,running,55,,Intervals 4:05–4:12/km,,0,,,"VO2 / 5k-specific: hard but smooth, with even splits. The last rep should be the fastest and still in control. Warm up 15 min easy + 4 strides; cool down 10 min easy. Main set: 5×1000 m at 4:05–4:12/km with 2:00 easy jog between reps. Compare with week 2 to see the progress.",,10
Legs,2026-12-30,gym,55,,,Legs,0,,,"Legs — heavy & low volume: squat 4×5, RDL 3×6, split squat 3×8/leg, calves, core. Keep 2 reps in reserve, no failure — Thursday's run matters more. 8–12 hard sets, 1–2 reps in reserve.",,
Nyårsafton Sub-T 3×10 min,2026-12-31,running,65,,Threshold 4:45–4:55/km,,0,,,"Sub-threshold (Norwegian style): just below threshold, around 10 s/km slower than tempo. You should finish feeling like you could do 1–2 more reps. That's the point, because it builds lots of fitness and you recover fast. Warm up 15 min easy + 4 strides; cool down 10 min easy. Main set: 3×10 min at 4:45–4:55/km with 90 s easy jog between reps. Finish the year strong.",,12
Rest,2027-01-01,rest,0,,,,0,,,Nyårsdagen: rest. Happy New Year! 🎆,,
Long run 17k (3k strong finish),2027-01-02,running,102,,Easy 5:45–6:15/km,,0,,,"Long run: builds the aerobic engine that everything else sits on. Easy, conversational pace. Run the last 3 km at sub-threshold (4:55–5:05/km): strong but controlled, not racing.",,17
Easy 7k,2027-01-03,running,42,,Easy 5:45–6:15/km,,0,,,"Easy aerobic, conversational. If unsure, go slower. Last run before the 2027 sub-1:30 half-marathon block.",,7
